"上线时间","下线时间","IP地址","总流量","总流量","时长","时长"
"2025-10-31 14:10:03","2025-10-31 15:47:04","10.192.97.210","92680118","88.39M","5821","1时37分1秒"
"2025-10-31 14:09:37","2025-10-31 15:36:00","10.192.12.30","19034173","18.15M","5183","1时26分23秒"
"2025-10-31 12:02:00","2025-10-31 13:48:56","10.192.12.30","661393","645.89K","6416","1时46分56秒"
"2025-10-31 09:42:30","2025-10-31 12:01:49","10.192.35.250","189765314","180.97M","8359","2时19分19秒"
"2025-10-31 06:40:07","2025-10-31 12:11:04","10.192.131.96","21590640","20.59M","19857","5时30分57秒"
"2025-10-31 05:41:51","2025-10-31 05:59:07","10.192.131.96","200983","196.27K","1036","17分16秒"
"2025-10-31 04:30:38","2025-10-31 12:01:53","10.192.97.210","972061628","927.03M","27075","7时31分15秒"
"2025-10-31 03:41:19","2025-10-31 03:57:28","10.192.131.96","257382","251.35K","969","16分9秒"
"2025-10-31 02:40:48","2025-10-31 02:57:41","10.192.131.96","180047","175.83K","1013","16分53秒"
"2025-10-31 00:37:37","2025-10-31 02:00:22","10.192.120.160","137687051","131.31M","4965","1时22分45秒"
"2025-10-30 18:30:22","2025-10-31 02:36:25","10.192.131.96","340933801","325.14M","29163","8时6分3秒"
"2025-10-30 15:28:13","2025-10-30 23:59:31","10.192.132.219","3960687409","3.689G","30678","8时31分18秒"
"2025-10-30 12:32:40","2025-10-30 13:58:36","10.192.252.2","1146383","1.09M","5156","1时25分56秒"
"2025-10-30 10:51:47","2025-10-30 12:15:43","10.192.252.2","242519952","231.29M","5036","1时23分56秒"
"2025-10-30 08:50:24","2025-10-30 10:25:31","10.192.252.2","219325579","209.17M","5707","1时35分7秒"
"2025-10-30 06:36:05","2025-10-30 18:27:58","10.192.131.96","1220492020","1.137G","42713","11时51分53秒"
"2025-10-30 05:36:53","2025-10-30 05:54:05","10.192.131.96","156079","152.42K","1032","17分12秒"
"2025-10-30 04:30:42","2025-10-31 04:30:44","10.192.6.7","46652490","44.49M","86402","24时2秒"
"2025-10-30 04:30:34","2025-10-31 04:30:38","10.192.97.210","2934305610","2.733G","86404","24时4秒"
"2025-10-30 03:36:21","2025-10-30 03:53:03","10.192.131.96","193278","188.75K","1002","16分42秒"
"2025-10-30 02:57:38","2025-10-30 03:45:19","10.192.252.2","186443","182.07K","2861","47分41秒"
"2025-10-30 02:35:49","2025-10-30 02:53:05","10.192.131.96","79302","77.44K","1036","17分16秒"
"2025-10-29 23:27:04","2025-10-30 01:19:22","10.192.252.2","570122702","543.71M","6738","1时52分18秒"
"2025-10-29 21:35:03","2025-10-29 23:04:48","10.192.252.2","243096022","231.83M","5385","1时29分45秒"
"2025-10-29 21:09:18","2025-10-30 02:31:42","10.192.131.96","224378234","213.98M","19344","5时22分24秒"
"2025-10-29 18:25:13","2025-10-29 19:42:26","10.192.252.2","7419539","7.08M","4633","1时17分13秒"
"2025-10-29 17:51:05","2025-10-29 20:16:09","10.192.131.96","79710753","76.02M","8704","2时25分4秒"
"2025-10-29 16:53:43","2025-10-29 17:53:50","10.192.252.2","3416314","3.26M","3607","1时7秒"
"2025-10-29 12:53:45","2025-10-29 13:16:54","10.192.112.232","237603652","226.60M","1389","23分9秒"
"2025-10-29 06:09:44","2025-10-29 08:48:34","10.192.109.50","243620555","232.33M","9530","2时38分50秒"
"2025-10-29 04:30:41","2025-10-30 04:30:42","10.192.6.7","1102431261","1.027G","86401","24时1秒"
"2025-10-29 04:30:26","2025-10-30 04:30:34","10.192.97.210","3086165446","2.874G","86408","24时8秒"
"2025-10-29 04:30:23","2025-10-29 05:43:57","10.192.131.96","41590635","39.66M","4414","1时13分34秒"
"2025-10-29 04:30:19","2025-10-29 06:01:50","10.192.109.50","5077280","4.84M","5491","1时31分31秒"
"2025-10-28 20:36:06","2025-10-29 04:30:19","10.192.109.50","248847321","237.32M","28453","7时54分13秒"
"2025-10-28 18:30:14","2025-10-28 19:20:13","10.192.109.50","1293788","1.23M","2999","49分59秒"
"2025-10-28 18:25:57","2025-10-29 04:30:23","10.192.131.96","17972062","17.14M","36266","10时4分26秒"
"2025-10-28 15:56:37","2025-10-29 04:30:26","10.192.97.210","2461113149","2.292G","45229","12时33分49秒"
"2025-10-28 15:35:22","2025-10-28 18:18:07","10.192.109.50","48332826","46.09M","9765","2时42分45秒"
"2025-10-28 13:44:02","2025-10-28 17:57:16","10.192.131.96","283594410","270.46M","15194","4时13分14秒"
"2025-10-28 13:07:23","2025-10-28 15:24:47","10.192.109.50","92648510","88.36M","8244","2时17分24秒"
"2025-10-28 12:15:09","2025-10-28 15:51:30","10.192.97.210","674587452","643.34M","12981","3时36分21秒"
"2025-10-28 10:00:58","2025-10-28 13:01:01","10.192.109.50","32090931","30.60M","10803","3时3秒"
"2025-10-28 09:51:40","2025-10-28 13:43:35","10.192.131.96","498320894","475.24M","13915","3时51分55秒"
"2025-10-28 04:30:40","2025-10-29 04:30:41","10.192.6.7","3599236","3.43M","86401","24时1秒"
"2025-10-28 04:30:04","2025-10-28 11:50:44","10.192.97.210","1360868157","1.267G","26440","7时20分40秒"
"2025-10-28 01:32:48","2025-10-28 03:41:02","10.192.109.50","656909985","626.48M","7694","2时8分14秒"
"2025-10-28 00:56:34","2025-10-28 04:30:04","10.192.97.210","716303905","683.12M","12810","3时33分30秒"
"2025-10-27 21:18:07","2025-10-28 00:44:19","10.192.97.210","1025333474","977.83M","12372","3时26分12秒"
"2025-10-27 18:30:26","2025-10-27 20:54:45","10.192.131.96","975530139","930.34M","8659","2时24分19秒"
"2025-10-27 13:43:35","2025-10-27 23:39:33","10.192.109.50","326264217","311.15M","35758","9时55分58秒"
"2025-10-27 13:34:25","2025-10-27 18:00:35","10.192.131.96","34695416","33.09M","15970","4时26分10秒"
"2025-10-27 13:21:49","2025-10-27 19:12:08","10.192.97.210","5873220239","5.470G","21019","5时50分19秒"
"2025-10-27 09:08:47","2025-10-27 10:16:28","10.192.7.180","117007284","111.59M","4061","1时7分41秒"
"2025-10-27 06:18:58","2025-10-27 08:38:54","10.192.7.180","352160636","335.85M","8396","2时19分56秒"
"2025-10-27 04:49:11","2025-10-27 05:17:29","10.192.131.96","176567136","168.39M","1698","28分18秒"
"2025-10-27 04:30:40","2025-10-28 04:30:40","10.192.6.7","165859775","158.18M","86400","24时0秒"
"2025-10-27 04:30:27","2025-10-27 13:35:32","10.192.26.126","19690151","18.78M","32705","9时5分5秒"
"2025-10-27 01:53:13","2025-10-27 02:17:28","10.192.131.96","509568","497.63K","1455","24分15秒"
"2025-10-27 01:34:02","2025-10-27 03:49:00","10.192.7.180","63250140","60.32M","8098","2时14分58秒"
"2025-10-27 00:05:38","2025-10-27 01:29:42","10.192.7.180","7981090","7.61M","5044","1时24分4秒"
"2025-10-26 18:29:39","2025-10-26 19:40:25","10.192.7.180","3530391","3.37M","4246","1时10分46秒"
"2025-10-26 15:55:40","2025-10-26 16:44:40","10.192.7.180","781349","763.04K","2940","49分0秒"
"2025-10-26 15:51:43","2025-10-26 16:23:34","10.192.154.186","107776680","102.78M","1911","31分51秒"
"2025-10-26 13:58:51","2025-10-26 15:53:10","10.192.7.180","125475048","119.66M","6859","1时54分19秒"
"2025-10-26 12:38:49","2025-10-27 00:46:45","10.192.131.96","774161418","738.30M","43676","12时7分56秒"
"2025-10-26 12:17:56","2025-10-27 04:30:27","10.192.26.126","621733807","592.93M","58351","16时12分31秒"
"2025-10-26 12:05:58","2025-10-26 13:00:11","10.192.7.180","4946709","4.72M","3253","54分13秒"
"2025-10-26 04:33:41","2025-10-26 15:19:10","10.192.154.186","732699655","698.76M","38729","10时45分29秒"
"2025-10-26 04:32:12","2025-10-26 05:16:45","10.192.131.96","86116154","82.13M","2673","44分33秒"
"2025-10-26 04:30:38","2025-10-27 04:30:40","10.192.6.7","1209856302","1.127G","86402","24时2秒"
"2025-10-26 04:30:14","2025-10-26 04:59:02","10.192.7.180","219244","214.11K","1728","28分48秒"
"2025-10-25 21:39:33","2025-10-26 04:30:14","10.192.7.180","519269447","495.21M","24641","6时50分41秒"
"2025-10-25 20:24:57","2025-10-25 21:29:31","10.192.7.180","55188416","52.63M","3874","1时4分34秒"
"2025-10-25 19:54:08","2025-10-26 03:33:35","10.192.154.186","1826159078","1.701G","27567","7时39分27秒"
"2025-10-25 19:41:54","2025-10-26 03:33:49","10.192.131.96","117193151","111.76M","28315","7时51分55秒"
"2025-10-25 17:24:19","2025-10-25 18:14:49","10.192.7.180","1422481","1.36M","3030","50分30秒"
"2025-10-25 15:20:32","2025-10-25 16:43:16","10.192.7.180","155502476","148.30M","4964","1时22分44秒"
"2025-10-25 13:28:00","2025-10-25 14:54:28","10.192.7.180","4055606","3.87M","5188","1时26分28秒"
"2025-10-25 04:30:38","2025-10-26 04:30:38","10.192.6.7","716558209","683.36M","86400","24时0秒"
"2025-10-25 04:30:21","2025-10-25 11:03:24","10.192.7.180","101610201","96.90M","23583","6时33分3秒"
"2025-10-25 04:30:21","2025-10-25 19:00:34","10.192.131.96","174599170","166.51M","52213","14时30分13秒"
"2025-10-25 04:30:15","2025-10-25 13:45:09","10.192.243.144","1761919660","1.641G","33294","9时14分54秒"
"2025-10-24 21:40:09","2025-10-25 04:30:15","10.192.243.144","1357110741","1.264G","24606","6时50分6秒"
"2025-10-24 18:44:34","2025-10-25 04:30:21","10.192.7.180","716685608","683.48M","35147","9时45分47秒"
"2025-10-24 18:41:08","2025-10-25 04:30:21","10.192.131.96","275866885","263.09M","35353","9时49分13秒"
"2025-10-24 15:49:34","2025-10-24 17:39:56","10.195.129.164","0","0byte","6622","1时50分22秒"
"2025-10-24 13:06:15","2025-10-24 15:49:34","10.192.237.237","713477096","680.42M","9799","2时43分19秒"
"2025-10-24 12:01:35","2025-10-24 13:55:49","10.192.16.178","103305850","98.52M","6854","1时54分14秒"
"2025-10-24 06:39:09","2025-10-24 14:31:38","10.192.131.96","732211690","698.29M","28349","7时52分29秒"
"2025-10-24 05:06:33","2025-10-24 05:23:42","10.192.131.96","219795","214.64K","1029","17分9秒"
"2025-10-24 04:30:40","2025-10-25 04:30:38","10.192.6.7","3505291","3.34M","86398","23时59分58秒"
"2025-10-24 04:30:30","2025-10-24 12:26:36","10.192.237.237","2601838318","2.423G","28566","7时56分6秒"
"2025-10-24 04:30:11","2025-10-24 11:10:21","10.192.16.178","173299601","165.27M","24010","6时40分10秒"
"2025-10-24 04:06:01","2025-10-24 04:23:10","10.192.131.96","104774","102.32K","1029","17分9秒"
"2025-10-23 22:55:33","2025-10-24 04:30:11","10.192.16.178","610319960","582.05M","20078","5时34分38秒"
"2025-10-23 21:41:30","2025-10-23 22:15:29","10.192.16.178","2380263","2.27M","2039","33分59秒"
"2025-10-23 21:27:30","2025-10-24 03:59:40","10.192.131.96","210643590","200.89M","23530","6时32分10秒"
"2025-10-23 20:37:55","2025-10-23 21:41:00","10.193.220.216","154186006","147.04M","3785","1时3分5秒"
"2025-10-23 20:06:11","2025-10-23 21:40:10","10.193.192.225","5623246","5.36M","5639","1时33分59秒"
"2025-10-23 18:04:00","2025-10-23 20:20:40","10.192.16.178","7958107","7.59M","8200","2时16分40秒"
"2025-10-23 17:54:37","2025-10-23 18:13:19","10.193.192.225","123554264","117.83M","1122","18分42秒"
"2025-10-23 12:25:41","2025-10-24 04:30:30","10.192.237.237","5250117703","4.890G","57889","16时4分49秒"
"2025-10-23 10:49:19","2025-10-23 12:26:10","10.192.129.64","45707766","43.59M","5811","1时36分51秒"
"2025-10-23 09:16:48","2025-10-23 11:39:55","10.192.237.237","81363003","77.59M","8587","2时23分7秒"
"2025-10-23 09:03:13","2025-10-23 09:53:49","10.192.129.64","798569","779.85K","3036","50分36秒"
"2025-10-23 08:13:40","2025-10-23 08:54:27","10.192.129.64","1168822","1.11M","2447","40分47秒"
"2025-10-23 05:26:27","2025-10-23 08:06:51","10.192.129.64","174334388","166.26M","9624","2时40分24秒"
"2025-10-23 05:01:26","2025-10-23 20:54:30","10.192.131.96","1123625570","1.046G","57184","15时53分4秒"
"2025-10-23 04:37:16","2025-10-23 04:54:10","10.192.131.96","85469","83.47K","1014","16分54秒"
"2025-10-23 04:30:39","2025-10-24 04:30:40","10.192.6.7","12216963","11.65M","86401","24时1秒"
"2025-10-23 04:30:29","2025-10-23 08:22:27","10.192.237.237","1158025030","1.078G","13918","3时51分58秒"
"2025-10-22 20:23:41","2025-10-22 21:46:18","10.192.129.64","58997695","56.26M","4957","1时22分37秒"
"2025-10-22 20:13:37","2025-10-23 00:45:59","10.192.131.96","79656087","75.97M","16342","4时32分22秒"
"2025-10-22 14:14:12","2025-10-22 17:19:47","10.192.131.192","139182742","132.74M","11135","3时5分35秒"
"2025-10-22 12:55:26","2025-10-23 04:30:29","10.192.237.237","2422873582","2.256G","56103","15时35分3秒"
"2025-10-22 12:54:10","2025-10-22 13:46:15","10.192.131.192","1329299","1.27M","3125","52分5秒"
"2025-10-22 12:34:19","2025-10-22 12:51:41","10.192.237.237","2671610","2.55M","1042","17分22秒"
"2025-10-22 12:20:25","2025-10-22 12:54:08","10.192.131.192","13496973","12.87M","2023","33分43秒"
"2025-10-22 10:27:15","2025-10-22 12:24:54","10.193.192.225","272623929","259.99M","7059","1时57分39秒"
"2025-10-22 08:48:37","2025-10-22 10:13:01","10.192.237.237","44637373","42.57M","5064","1时24分24秒"
"2025-10-22 06:36:08","2025-10-22 17:17:54","10.192.131.96","1412794350","1.316G","38506","10时41分46秒"
"2025-10-22 05:46:47","2025-10-22 06:03:48","10.192.131.96","200460","195.76K","1021","17分1秒"
"2025-10-22 04:30:38","2025-10-23 04:30:39","10.192.6.7","3602055","3.44M","86401","24时1秒"
"2025-10-22 04:30:29","2025-10-22 08:41:30","10.192.237.237","489827497","467.14M","15061","4时11分1秒"
"2025-10-22 04:30:05","2025-10-22 09:35:23","10.192.131.192","13688810","13.05M","18318","5时5分18秒"
"2025-10-22 03:46:15","2025-10-22 04:05:25","10.192.131.96","336428","328.54K","1150","19分10秒"
"2025-10-22 02:45:43","2025-10-22 03:02:46","10.192.131.96","64636","63.12K","1023","17分3秒"
"2025-10-22 00:39:24","2025-10-22 04:30:05","10.192.131.192","323621077","308.63M","13841","3时50分41秒"
"2025-10-21 13:16:20","2025-10-22 04:30:29","10.192.237.237","13131431317","12.230G","54849","15时14分9秒"
"2025-10-21 11:35:53","2025-10-21 22:39:41","10.192.131.192","1136534718","1.058G","39828","11时3分48秒"
"2025-10-21 07:09:57","2025-10-21 07:26:22","10.192.72.213","8645558","8.25M","985","16分25秒"
"2025-10-21 06:10:12","2025-10-22 02:36:04","10.192.131.96","817523424","779.65M","73552","20时25分52秒"
"2025-10-21 04:30:36","2025-10-22 04:30:38","10.192.6.7","3603453","3.44M","86402","24时2秒"
"2025-10-21 04:30:01","2025-10-21 04:44:59","10.192.131.96","414266","404.56K","898","14分58秒"
"2025-10-21 04:30:01","2025-10-21 13:06:27","10.192.237.237","1409490594","1.313G","30986","8时36分26秒"
"2025-10-21 04:28:42","2025-10-21 04:30:01","10.192.237.237","0","0byte","79","1分19秒"
"2025-10-21 04:26:59","2025-10-21 04:30:01","10.192.131.96","0","0byte","182","3分2秒"
"2025-10-21 02:26:29","2025-10-21 02:43:13","10.192.131.96","83287","81.33K","1004","16分44秒"
"2025-10-20 23:41:25","2025-10-21 01:37:32","10.192.131.96","312264870","297.80M","6967","1时56分7秒"
"2025-10-20 23:40:12","2025-10-21 00:30:19","10.192.21.83","1264645","1.21M","3007","50分7秒"
"2025-10-20 19:40:29","2025-10-20 22:34:20","10.192.21.83","136004216","129.70M","10431","2时53分51秒"
"2025-10-20 18:13:31","2025-10-20 21:06:46","10.192.131.96","194493025","185.48M","10395","2时53分15秒"
"2025-10-20 16:24:04","2025-10-20 18:11:16","10.192.21.83","357188337","340.64M","6432","1时47分12秒"
"2025-10-20 12:14:41","2025-10-20 15:25:57","10.192.21.83","136947065","130.60M","11476","3时11分16秒"
"2025-10-20 11:50:46","2025-10-21 03:26:39","10.192.237.237","5846104171","5.445G","56153","15时35分53秒"
"2025-10-20 11:12:06","2025-10-20 17:55:24","10.192.131.96","252348350","240.66M","24198","6时43分18秒"
"2025-10-20 07:09:57","2025-10-20 23:39:15","10.192.72.213","2814755","2.68M","59358","16时29分18秒"
"2025-10-20 04:30:32","2025-10-20 10:19:35","10.192.164.73","14888097","14.20M","20943","5时49分3秒"
"2025-10-20 04:30:32","2025-10-21 04:30:36","10.192.6.7","3658612","3.49M","86404","24时4秒"
"2025-10-19 07:29:58","2025-10-19 23:36:17","10.192.72.213","13486396","12.86M","57979","16时6分19秒"
"2025-10-19 04:30:26","2025-10-20 04:30:32","10.192.6.7","3607850","3.44M","86406","24时6秒"
"2025-10-19 04:30:26","2025-10-20 04:30:32","10.192.164.73","130226295","124.19M","86406","24时6秒"
"2025-10-18 09:04:44","2025-10-18 23:40:58","10.192.72.213","2297638","2.19M","52574","14时36分14秒"
"2025-10-18 08:26:16","2025-10-18 09:26:06","10.193.131.169","2110844","2.01M","3590","59分50秒"
"2025-10-18 08:22:29","2025-10-18 08:26:16","10.192.58.109","8565345","8.17M","227","3分47秒"
"2025-10-18 08:21:48","2025-10-18 09:33:01","10.193.139.187","7074616","6.75M","4273","1时11分13秒"
"2025-10-18 08:14:20","2025-10-18 08:55:52","10.192.131.96","13430361","12.81M","2492","41分32秒"
"2025-10-18 08:05:14","2025-10-19 04:30:26","10.192.6.7","3069249","2.93M","73512","20时25分12秒"
"2025-10-18 08:04:58","2025-10-18 08:37:18","10.192.218.145","3741138","3.57M","1940","32分20秒"
"2025-10-18 08:04:26","2025-10-19 04:30:26","10.192.164.73","220558286","210.34M","73560","20时26分0秒"
"2025-10-18 08:03:59","2025-10-18 08:22:28","10.193.131.169","10271556","9.80M","1109","18分29秒"
"2025-10-18 02:07:14","2025-10-18 02:19:15","10.192.6.7","1","1byte","721","12分1秒"
"2025-10-18 02:05:01","2025-10-18 02:17:02","10.192.131.96","2412","2.36K","721","12分1秒"
"2025-10-18 01:58:55","2025-10-18 02:10:55","10.192.58.109","1","1byte","720","12分0秒"
"2025-10-18 01:58:04","2025-10-18 02:10:05","10.192.164.73","8713865","8.31M","721","12分1秒"
"2025-10-18 00:51:53","2025-10-18 01:53:38","10.192.72.213","6770803","6.46M","3705","1时1分45秒"
"2025-10-17 22:28:10","2025-10-18 02:04:10","10.192.218.145","799380931","762.35M","12960","3时36分0秒"
"2025-10-17 18:22:53","2025-10-18 01:58:53","10.192.58.109","3269251225","3.045G","27360","7时36分0秒"
"2025-10-17 17:46:46","2025-10-17 22:17:59","10.192.218.145","179395180","171.08M","16273","4时31分13秒"
"2025-10-17 17:42:33","2025-10-17 18:03:43","10.192.58.109","495848","484.23K","1270","21分10秒"
"2025-10-17 17:40:29","2025-10-18 02:04:30","10.192.131.96","1107497339","1.031G","30241","8时24分1秒"
"2025-10-17 16:09:17","2025-10-17 17:55:08","10.195.159.199","0","0byte","6351","1时45分51秒"
"2025-10-17 15:49:09","2025-10-17 17:42:14","10.195.74.187","0","0byte","6785","1时53分5秒"
"2025-10-17 15:48:14","2025-10-17 17:54:20","10.194.143.4","0","0byte","7566","2时6分6秒"
"2025-10-17 15:43:32","2025-10-17 16:03:17","10.192.218.145","15453671","14.74M","1185","19分45秒"
"2025-10-17 15:04:18","2025-10-17 15:52:22","10.193.139.187","99638465","95.02M","2884","48分4秒"
"2025-10-17 15:03:45","2025-10-17 15:21:32","10.192.218.145","933269","911.40K","1067","17分47秒"
"2025-10-17 13:49:44","2025-10-17 14:45:02","10.193.139.187","2062148","1.97M","3318","55分18秒"
"2025-10-17 13:49:42","2025-10-17 15:49:09","10.192.58.109","2940254578","2.738G","7167","1时59分27秒"
"2025-10-17 13:27:02","2025-10-17 14:06:03","10.192.218.145","1907420","1.82M","2341","39分1秒"
"2025-10-17 13:18:22","2025-10-17 16:03:51","10.192.131.96","88307449","84.22M","9929","2时45分29秒"
"2025-10-17 10:05:26","2025-10-17 12:48:36","10.192.218.145","393479771","375.25M","9790","2时43分10秒"
"2025-10-17 09:27:48","2025-10-17 10:17:29","10.193.139.187","405061","395.57K","2981","49分41秒"
"2025-10-17 09:21:50","2025-10-17 09:44:10","10.192.218.145","8692264","8.29M","1340","22分20秒"
"2025-10-17 07:13:08","2025-10-18 00:42:52","10.192.144.215","64188791","61.22M","62984","17时29分44秒"
"2025-10-17 06:41:08","2025-10-17 12:57:29","10.192.131.96","133382573","127.20M","22581","6时16分21秒"
"2025-10-17 05:49:56","2025-10-17 06:08:48","10.192.131.96","190980","186.50K","1132","18分52秒"
"2025-10-17 04:49:25","2025-10-17 05:05:34","10.192.131.96","138011","134.78K","969","16分9秒"
"2025-10-17 04:30:35","2025-10-18 02:06:53","10.192.6.7","162176175","154.66M","77778","21时36分18秒"
"2025-10-17 04:30:29","2025-10-17 12:36:15","10.192.58.109","4296100157","4.001G","29146","8时5分46秒"
"2025-10-17 04:30:07","2025-10-17 04:43:33","10.192.131.96","507903","496.00K","806","13分26秒"
"2025-10-17 04:30:06","2025-10-18 01:58:02","10.192.164.73","34354303478","31.995G","77276","21时27分56秒"
"2025-10-17 04:30:02","2025-10-17 04:58:18","10.192.218.145","1478","1.44K","1696","28分16秒"
"2025-10-17 04:09:51","2025-10-17 04:30:02","10.192.218.145","904361","883.17K","1211","20分11秒"
"2025-10-17 00:34:02","2025-10-17 04:30:06","10.192.164.73","1353815956","1.261G","14164","3时56分4秒"
"2025-10-17 00:07:59","2025-10-17 04:30:07","10.192.131.96","448425801","427.65M","15728","4时22分8秒"
"2025-10-16 23:57:23","2025-10-17 03:04:20","10.193.139.187","497169204","474.14M","11217","3时6分57秒"
"2025-10-16 21:42:56","2025-10-17 00:12:59","10.192.218.145","152568563","145.50M","9003","2时30分3秒"
"2025-10-16 19:30:15","2025-10-16 21:43:08","10.193.139.187","716525272","683.33M","7973","2时12分53秒"
"2025-10-16 18:19:53","2025-10-16 19:47:37","10.192.218.145","89928042","85.76M","5264","1时27分44秒"
"2025-10-16 17:09:01","2025-10-16 18:33:05","10.193.139.187","18354784","17.50M","5044","1时24分4秒"
"2025-10-16 17:08:11","2025-10-16 17:34:30","10.192.218.145","31299913","29.85M","1579","26分19秒"
"2025-10-16 12:16:56","2025-10-17 04:30:29","10.192.58.109","4560143652","4.247G","58413","16时13分33秒"
"2025-10-16 11:27:04","2025-10-16 13:27:51","10.192.97.36","4010057","3.82M","7247","2时47秒"
"2025-10-16 09:55:37","2025-10-16 11:42:24","10.193.139.187","25573617","24.39M","6407","1时46分47秒"
"2025-10-16 09:55:08","2025-10-16 10:12:03","10.192.97.36","536835","524.25K","1015","16分55秒"
"2025-10-16 09:53:31","2025-10-16 11:17:01","10.192.58.109","29523141","28.16M","5010","1时23分30秒"
"2025-10-16 07:55:54","2025-10-16 09:53:30","10.193.146.138","3364116684","3.133G","7056","1时57分36秒"
"2025-10-16 07:51:52","2025-10-16 08:06:42","10.193.120.153","1078253","1.03M","890","14分50秒"
"2025-10-16 07:29:13","2025-10-16 07:50:09","10.193.139.187","805798","786.91K","1256","20分56秒"
"2025-10-16 07:28:09","2025-10-17 00:38:43","10.192.144.215","4936985","4.71M","61834","17时10分34秒"
"2025-10-16 07:09:33","2025-10-16 07:25:14","10.193.139.187","0","0byte","941","15分41秒"
"2025-10-16 07:09:32","2025-10-16 09:55:06","10.192.167.249","189661323","180.88M","9934","2时45分34秒"
"2025-10-16 06:41:18","2025-10-16 22:09:31","10.192.131.96","1549818538","1.443G","55693","15时28分13秒"
"2025-10-16 06:33:14","2025-10-16 06:49:37","10.192.167.249","851368","831.41K","983","16分23秒"
"2025-10-16 06:27:18","2025-10-17 00:27:53","10.192.164.73","2093254007","1.949G","64835","18时35秒"
"2025-10-16 05:04:48","2025-10-16 05:59:18","10.193.139.187","451453","440.87K","3270","54分30秒"
"2025-10-16 05:02:48","2025-10-16 06:39:14","10.192.131.96","6347887","6.05M","5786","1时36分26秒"
"2025-10-16 04:30:27","2025-10-17 04:30:35","10.192.6.7","11058816","10.55M","86408","24时8秒"
"2025-10-16 04:30:25","2025-10-16 07:55:55","10.192.58.109","634975608","605.56M","12330","3时25分30秒"
"2025-10-16 04:30:13","2025-10-16 05:20:52","10.192.167.249","23603706","22.51M","3039","50分39秒"
"2025-10-16 02:15:31","2025-10-16 02:32:13","10.192.131.96","160029","156.28K","1002","16分42秒"
"2025-10-16 00:14:59","2025-10-16 00:32:31","10.192.131.96","288275","281.52K","1052","17分32秒"
"2025-10-15 22:23:09","2025-10-16 04:30:13","10.192.167.249","292521360","278.97M","22024","6时7分4秒"
"2025-10-15 21:55:55","2025-10-15 23:53:22","10.192.131.96","135965521","129.67M","7047","1时57分27秒"
"2025-10-15 21:35:19","2025-10-15 21:51:53","10.193.120.153","13393786","12.77M","994","16分34秒"
"2025-10-15 18:40:49","2025-10-15 21:27:31","10.193.139.187","426492184","406.73M","10002","2时46分42秒"
"2025-10-15 18:38:14","2025-10-15 18:57:26","10.192.204.136","680715","664.76K","1152","19分12秒"
"2025-10-15 17:26:40","2025-10-15 21:54:59","10.192.131.96","2700884370","2.515G","16099","4时28分19秒"
"2025-10-15 17:13:31","2025-10-16 04:30:25","10.192.58.109","1543256734","1.437G","40614","11时16分54秒"
"2025-10-15 17:13:28","2025-10-15 17:33:06","10.192.204.136","361763","353.28K","1178","19分38秒"
"2025-10-15 16:59:50","2025-10-15 17:36:07","10.193.120.153","17364131","16.56M","2177","36分17秒"
"2025-10-15 16:39:17","2025-10-15 18:08:30","10.193.139.187","76648795","73.10M","5353","1时29分13秒"
"2025-10-15 16:39:08","2025-10-15 17:13:30","10.193.146.138","194706182","185.69M","2062","34分22秒"
"2025-10-15 16:38:34","2025-10-15 16:39:09","10.192.58.109","5704995","5.44M","35","35秒"
"2025-10-15 16:22:13","2025-10-15 16:56:38","10.192.204.136","1675828","1.60M","2065","34分25秒"
"2025-10-15 16:22:08","2025-10-15 17:14:23","10.192.131.96","32090160","30.60M","3135","52分15秒"
"2025-10-15 15:49:41","2025-10-15 16:34:34","10.192.58.109","233907538","223.07M","2693","44分53秒"
"2025-10-15 15:46:01","2025-10-15 15:49:41","10.193.146.138","6441314","6.14M","220","3分40秒"
"2025-10-15 15:45:59","2025-10-15 16:03:51","10.193.139.187","3598588","3.43M","1072","17分52秒"
"2025-10-15 14:01:11","2025-10-15 23:36:11","10.192.144.215","1464851","1.40M","34500","9时35分0秒"
"2025-10-15 13:57:14","2025-10-15 15:46:01","10.192.58.109","787890463","751.39M","6527","1时48分47秒"
"2025-10-15 13:54:52","2025-10-16 04:30:27","10.192.6.7","606612653","578.51M","52535","14时35分35秒"
"2025-10-15 13:48:01","2025-10-15 14:00:02","10.192.144.215","18704","18.27K","721","12分1秒"
"2025-10-15 13:45:12","2025-10-15 13:57:13","10.192.58.109","8687468","8.29M","721","12分1秒"
"2025-10-15 12:38:46","2025-10-15 13:50:46","10.192.204.136","226063724","215.59M","4320","1时12分0秒"
"2025-10-15 12:09:10","2025-10-15 13:45:11","10.192.58.109","933334822","890.10M","5761","1时36分1秒"
"2025-10-15 11:40:26","2025-10-15 12:06:52","10.192.131.96","4420335","4.22M","1586","26分26秒"
"2025-10-15 08:25:27","2025-10-15 11:00:58","10.192.20.114","42057921","40.11M","9331","2时35分31秒"
"2025-10-15 07:23:08","2025-10-15 13:47:08","10.192.144.215","1857957","1.77M","23040","6时24分0秒"
"2025-10-15 06:38:07","2025-10-15 11:10:57","10.192.131.96","278780515","265.87M","16370","4时32分50秒"
"2025-10-15 05:20:15","2025-10-15 05:37:09","10.192.131.96","194348","189.79K","1014","16分54秒"
"2025-10-15 04:30:43","2025-10-15 13:54:30","10.192.6.7","223632950","213.27M","33827","9时23分47秒"
"2025-10-15 04:30:24","2025-10-15 08:39:57","10.192.110.29","55916285","53.33M","14973","4时9分33秒"
"2025-10-15 03:19:43","2025-10-15 03:36:18","10.192.131.96","112795","110.15K","995","16分35秒"
"2025-10-15 02:19:12","2025-10-15 02:36:38","10.192.131.96","95663","93.42K","1046","17分26秒"
"2025-10-15 00:07:03","2025-10-15 02:13:07","10.192.131.96","364845491","347.94M","7564","2时6分4秒"
"2025-10-14 22:04:03","2025-10-15 00:53:08","10.192.41.15","510321508","486.68M","10145","2时49分5秒"
"2025-10-14 18:19:05","2025-10-15 04:30:24","10.192.110.29","1772616820","1.651G","36679","10时11分19秒"
"2025-10-14 18:18:27","2025-10-14 19:40:43","10.192.41.15","398707","389.36K","4936","1时22分16秒"
"2025-10-14 17:25:12","2025-10-15 00:06:11","10.192.131.96","241536342","230.35M","24059","6时40分59秒"
"2025-10-14 17:23:52","2025-10-14 18:12:54","10.192.41.15","1056519","1.01M","2942","49分2秒"
"2025-10-14 16:03:52","2025-10-14 17:39:23","10.195.159.199","0","0byte","5731","1时35分31秒"
"2025-10-14 15:55:13","2025-10-14 17:38:49","10.195.72.56","0","0byte","6216","1时43分36秒"
"2025-10-14 15:54:12","2025-10-14 16:56:32","10.194.143.4","0","0byte","3740","1时2分20秒"
"2025-10-14 13:19:32","2025-10-14 16:04:27","10.192.41.15","349936120","333.73M","9895","2时44分55秒"
"2025-10-14 12:23:09","2025-10-14 15:55:14","10.192.110.29","812829423","775.17M","12725","3时32分5秒"
"2025-10-14 11:00:39","2025-10-14 13:14:17","10.192.41.15","22788704","21.73M","8018","2时13分38秒"
"2025-10-14 07:23:08","2025-10-14 23:43:43","10.192.185.230","353155224","336.80M","58835","16时20分35秒"
"2025-10-14 06:38:22","2025-10-14 15:57:24","10.192.131.96","444760399","424.16M","33542","9时19分2秒"
"2025-10-14 05:15:06","2025-10-14 05:30:42","10.192.131.96","234834","229.33K","936","15分36秒"
"2025-10-14 04:30:43","2025-10-15 04:30:43","10.192.6.7","3503236","3.34M","86400","24时0秒"
"2025-10-14 04:30:38","2025-10-14 11:47:22","10.192.110.29","250255311","238.66M","26204","7时16分44秒"
"2025-10-14 04:30:02","2025-10-14 04:30:20","10.192.131.96","0","0byte","18","18秒"
"2025-10-14 04:14:30","2025-10-14 04:30:02","10.192.131.96","65955","64.41K","932","15分32秒"
"2025-10-14 03:43:58","2025-10-14 04:00:08","10.192.131.96","144376","140.99K","970","16分10秒"
"2025-10-14 03:17:42","2025-10-14 03:33:21","10.192.131.96","481276","470.00K","939","15分39秒"
"2025-10-14 02:17:11","2025-10-14 02:32:53","10.192.131.96","30172","29.46K","942","15分42秒"
"2025-10-14 00:38:11","2025-10-14 02:01:47","10.192.41.178","459666069","438.37M","5016","1时23分36秒"
"2025-10-14 00:01:51","2025-10-14 02:06:14","10.192.131.96","64840500","61.84M","7463","2时4分23秒"
"2025-10-13 16:04:34","2025-10-13 21:49:17","10.192.41.178","707991368","675.19M","20683","5时44分43秒"
"2025-10-13 13:58:52","2025-10-13 15:34:02","10.192.41.178","378232435","360.71M","5710","1时35分10秒"
"2025-10-13 10:44:25","2025-10-13 12:20:44","10.192.41.178","29583375","28.21M","5779","1时36分19秒"
"2025-10-13 08:00:04","2025-10-13 09:02:41","10.192.41.178","1087302","1.04M","3757","1时2分37秒"
"2025-10-13 07:08:08","2025-10-13 23:38:38","10.192.32.28","4329088","4.13M","59430","16时30分30秒"
"2025-10-13 06:38:24","2025-10-13 23:59:12","10.192.131.96","429296980","409.41M","62448","17时20分48秒"
"2025-10-13 05:17:49","2025-10-13 05:42:44","10.192.131.96","874515","854.02K","1495","24分55秒"
"2025-10-13 04:30:42","2025-10-14 04:30:43","10.192.6.7","4705181","4.49M","86401","24时1秒"
"2025-10-13 04:30:33","2025-10-14 04:30:38","10.192.110.29","6655106992","6.198G","86405","24时5秒"
"2025-10-13 04:30:01","2025-10-13 04:33:13","10.192.131.96","0","0byte","192","3分12秒"
"2025-10-13 04:17:17","2025-10-13 04:30:01","10.192.131.96","134204","131.06K","764","12分44秒"
"2025-10-12 23:55:43","2025-10-13 04:05:01","10.192.131.96","357788799","341.21M","14958","4时9分18秒"
"2025-10-12 19:20:44","2025-10-13 00:53:43","10.192.41.178","665980296","635.13M","19979","5时32分59秒"
"2025-10-12 18:49:54","2025-10-12 21:47:48","10.192.161.191","11814850","11.27M","10674","2时57分54秒"
"2025-10-12 17:07:46","2025-10-12 17:59:04","10.192.30.86","965327","942.70K","3078","51分18秒"
"2025-10-12 17:06:08","2025-10-12 23:48:46","10.192.131.96","292021431","278.49M","24158","6时42分38秒"
"2025-10-12 15:40:25","2025-10-12 16:04:33","10.192.131.96","23192","22.65K","1448","24分8秒"
"2025-10-12 13:11:35","2025-10-12 16:20:24","10.192.41.178","181959178","173.53M","11329","3时8分49秒"
"2025-10-12 12:18:28","2025-10-12 16:03:57","10.192.30.86","245826350","234.44M","13529","3时45分29秒"
"2025-10-12 10:05:16","2025-10-12 11:13:56","10.192.41.178","21885488","20.87M","4120","1时8分40秒"
"2025-10-12 04:30:40","2025-10-13 04:30:42","10.192.6.7","546220607","520.92M","86402","24时2秒"
"2025-10-12 04:30:29","2025-10-13 04:30:33","10.192.110.29","3397596759","3.164G","86404","24时4秒"
"2025-10-11 23:06:05","2025-10-12 02:12:48","10.192.41.178","108561080","103.53M","11203","3时6分43秒"
"2025-10-11 19:17:55","2025-10-11 22:35:02","10.192.41.178","230923405","220.23M","11827","3时17分7秒"
"2025-10-11 10:11:47","2025-10-11 16:18:49","10.192.41.178","435453911","415.28M","22022","6时7分2秒"
"2025-10-11 04:30:39","2025-10-12 04:30:40","10.192.6.7","287309606","274.00M","86401","24时1秒"
"2025-10-11 04:30:13","2025-10-12 04:30:29","10.192.110.29","3562200570","3.318G","86416","24时16秒"
"2025-10-10 21:45:10","2025-10-11 04:30:13","10.192.110.29","665166307","634.35M","24303","6时45分3秒"
"2025-10-10 19:05:17","2025-10-10 21:57:14","10.192.82.155","669705882","638.68M","10317","2时51分57秒"
"2025-10-10 18:20:02","2025-10-10 21:42:17","10.192.110.29","1179256743","1.098G","12135","3时22分15秒"
"2025-10-10 17:42:02","2025-10-10 18:25:43","10.192.82.155","991715","968.47K","2621","43分41秒"
"2025-10-10 17:40:25","2025-10-10 18:08:31","10.192.110.29","1081304","1.03M","1686","28分6秒"
"2025-10-10 17:39:21","2025-10-10 17:40:04","10.192.110.29","364450","355.91K","43","43秒"
"2025-10-10 17:38:52","2025-10-10 17:38:56","10.192.110.29","58043","56.68K","4","4秒"
"2025-10-10 17:38:09","2025-10-10 17:38:32","10.192.110.29","260860","254.75K","23","23秒"
"2025-10-10 17:37:33","2025-10-10 17:37:50","10.192.110.29","922135","900.52K","17","17秒"
"2025-10-10 17:35:40","2025-10-10 17:59:25","10.192.132.205","1769192","1.69M","1425","23分45秒"
"2025-10-10 15:51:33","2025-10-10 17:37:12","10.195.224.9","0","0byte","6339","1时45分39秒"
"2025-10-10 15:48:20","2025-10-10 17:52:00","10.194.143.4","0","0byte","7420","2时3分40秒"
"2025-10-10 15:38:40","2025-10-10 16:01:50","10.192.35.129","1445466","1.38M","1390","23分10秒"
"2025-10-10 15:36:55","2025-10-10 16:04:45","10.192.82.155","662361","646.84K","1670","27分50秒"
"2025-10-10 14:04:46","2025-10-10 15:53:22","10.193.124.125","169268071","161.43M","6516","1时48分36秒"
"2025-10-10 13:46:16","2025-10-10 15:51:33","10.192.110.29","264505518","252.25M","7517","2时5分17秒"
"2025-10-10 13:45:45","2025-10-10 14:37:49","10.192.82.155","8283507","7.90M","3124","52分4秒"
"2025-10-10 13:36:53","2025-10-10 14:14:05","10.192.208.73","116234794","110.85M","2232","37分12秒"
"2025-10-10 12:31:16","2025-10-10 13:07:19","10.192.201.61","10245892","9.77M","2163","36分3秒"
"2025-10-10 12:24:34","2025-10-10 13:01:15","10.192.82.155","158426757","151.09M","2201","36分41秒"
"2025-10-10 04:30:38","2025-10-11 04:30:39","10.192.6.7","415186592","395.95M","86401","24时1秒"
"2025-10-10 04:30:13","2025-10-10 12:54:04","10.192.110.29","58875169","56.15M","30231","8时23分51秒"
"2025-10-10 04:30:05","2025-10-10 07:59:40","10.192.2.116","1836188","1.75M","12575","3时29分35秒"
"2025-10-10 00:44:41","2025-10-10 04:30:05","10.192.2.116","259606042","247.58M","13524","3时45分24秒"
"2025-10-09 22:33:12","2025-10-09 23:16:29","10.192.66.60","49695643","47.39M","2597","43分17秒"
"2025-10-09 21:48:03","2025-10-10 04:30:13","10.192.110.29","474623277","452.64M","24130","6时42分10秒"
"2025-10-09 18:49:34","2025-10-09 22:03:04","10.192.2.116","60964393","58.14M","11610","3时13分30秒"
"2025-10-09 18:36:59","2025-10-09 20:28:38","10.192.110.29","42148147","40.20M","6699","1时51分39秒"
"2025-10-09 18:25:27","2025-10-09 18:36:58","10.193.132.213","24566892","23.43M","691","11分31秒"
"2025-10-09 18:17:44","2025-10-09 18:25:28","10.192.110.29","3137442","2.99M","464","7分44秒"
"2025-10-09 18:13:17","2025-10-09 21:59:46","10.192.66.60","41310261","39.40M","13589","3时46分29秒"
"2025-10-09 17:08:24","2025-10-09 18:16:52","10.192.226.1","3377678","3.22M","4108","1时8分28秒"
"2025-10-09 12:57:35","2025-10-09 17:19:04","10.192.110.29","315447031","300.83M","15689","4时21分29秒"
"2025-10-09 12:55:24","2025-10-09 14:06:33","10.192.226.1","16814929","16.04M","4269","1时11分9秒"
"2025-10-09 11:24:12","2025-10-09 12:16:12","10.192.226.1","29983722","28.59M","3120","52分0秒"
"2025-10-09 09:53:02","2025-10-09 11:39:51","10.192.110.29","160141699","152.72M","6409","1时46分49秒"
"2025-10-09 09:38:25","2025-10-09 17:39:23","10.192.232.19","179584809","171.27M","28858","8时58秒"
"2025-10-09 08:00:05","2025-10-09 11:18:48","10.192.226.1","203140189","193.73M","11923","3时18分43秒"
"2025-10-09 04:30:24","2025-10-09 09:21:28","10.192.110.29","44535837","42.47M","17464","4时51分4秒"
"2025-10-09 04:30:20","2025-10-10 04:30:38","10.192.6.7","599699424","571.92M","86418","24时18秒"
"2025-10-09 04:06:30","2025-10-09 04:30:20","10.192.6.7","31765","31.02K","1430","23分50秒"
"2025-10-09 04:04:26","2025-10-09 04:30:24","10.192.110.29","1092004","1.04M","1558","25分58秒"
"2025-10-09 01:01:28","2025-10-09 01:18:03","10.192.155.118","0","0byte","995","16分35秒"
"2025-10-08 23:36:01","2025-10-09 03:13:21","10.192.226.1","0","0byte","13040","3时37分20秒"
"2025-10-08 22:28:23","2025-10-09 04:04:24","10.192.110.29","0","0byte","20161","5时36分1秒"
"2025-10-08 22:25:30","2025-10-08 23:15:25","10.192.226.1","0","0byte","2995","49分55秒"
"2025-10-08 04:30:26","2025-10-09 04:06:07","10.192.6.7","0","0byte","84941","23时35分41秒"
"2025-10-07 04:30:22","2025-10-08 04:30:26","10.192.6.7","0","0byte","86404","24时4秒"
"2025-10-06 04:30:21","2025-10-07 04:30:22","10.192.6.7","0","0byte","86401","24时1秒"
"2025-10-05 07:16:15","2025-10-05 09:30:32","10.192.3.73","0","0byte","8057","2时14分17秒"
"2025-10-05 05:41:11","2025-10-05 09:33:08","10.192.131.96","0","0byte","13917","3时51分57秒"
"2025-10-05 04:30:20","2025-10-06 04:30:21","10.192.6.7","0","0byte","86401","24时1秒"
"2025-10-05 04:30:16","2025-10-05 09:17:22","10.193.142.61","0","0byte","17226","4时47分6秒"
"2025-10-05 04:30:08","2025-10-05 09:29:56","10.192.129.251","0","0byte","17988","4时59分48秒"
"2025-10-05 04:30:07","2025-10-05 04:51:06","10.192.3.73","0","0byte","1259","20分59秒"
"2025-10-05 03:25:48","2025-10-05 04:09:13","10.192.131.96","0","0byte","2605","43分25秒"
"2025-10-04 21:48:45","2025-10-05 04:30:07","10.192.3.73","0","0byte","24082","6时41分22秒"
"2025-10-04 20:54:50","2025-10-05 04:30:08","10.192.102.213","0","0byte","27318","7时35分18秒"
"2025-10-04 19:40:35","2025-10-04 21:44:22","10.193.87.155","0","0byte","7427","2时3分47秒"
"2025-10-04 19:35:31","2025-10-04 19:53:38","10.192.223.102","0","0byte","1087","18分7秒"
"2025-10-04 19:00:19","2025-10-04 19:53:53","10.192.102.213","0","0byte","3214","53分34秒"
"2025-10-04 17:51:14","2025-10-04 18:48:33","10.192.102.213","0","0byte","3439","57分19秒"
"2025-10-04 13:11:29","2025-10-04 17:49:48","10.192.102.213","0","0byte","16699","4时38分19秒"
"2025-10-04 11:37:04","2025-10-04 12:32:06","10.192.102.213","0","0byte","3302","55分2秒"
"2025-10-04 05:39:01","2025-10-05 00:49:40","10.192.131.96","0","0byte","69039","19时10分39秒"
"2025-10-04 04:30:20","2025-10-05 04:30:20","10.192.6.7","0","0byte","86400","24时0秒"
"2025-10-04 04:30:15","2025-10-05 04:30:16","10.193.142.61","0","0byte","86401","24时1秒"
"2025-10-04 03:02:55","2025-10-04 03:51:59","10.192.102.213","0","0byte","2944","49分4秒"
"2025-10-03 19:06:11","2025-10-04 01:52:35","10.192.102.213","0","0byte","24384","6时46分24秒"
"2025-10-03 18:11:18","2025-10-04 00:51:23","10.192.131.96","0","0byte","24005","6时40分5秒"
"2025-10-03 07:34:56","2025-10-03 12:54:49","10.192.102.213","0","0byte","19193","5时19分53秒"
"2025-10-03 06:41:17","2025-10-03 12:53:52","10.192.131.96","0","0byte","22355","6时12分35秒"
"2025-10-03 04:30:20","2025-10-04 04:30:20","10.192.6.7","0","0byte","86400","24时0秒"
"2025-10-03 04:30:15","2025-10-04 04:30:15","10.193.142.61","0","0byte","86400","24时0秒"
"2025-10-02 19:46:47","2025-10-03 02:33:06","10.192.102.213","0","0byte","24379","6时46分19秒"
"2025-10-02 13:55:17","2025-10-02 20:15:16","10.192.131.96","0","0byte","22799","6时19分59秒"
"2025-10-02 11:28:28","2025-10-02 12:17:28","10.192.131.96","0","0byte","2940","49分0秒"
"2025-10-02 10:36:19","2025-10-02 14:22:56","10.192.102.213","0","0byte","13597","3时46分37秒"
"2025-10-02 07:33:26","2025-10-02 10:28:04","10.192.102.213","0","0byte","10478","2时54分38秒"
"2025-10-02 06:39:05","2025-10-02 11:17:56","10.192.131.96","0","0byte","16731","4时38分51秒"
"2025-10-02 04:30:22","2025-10-03 04:30:20","10.192.6.7","0","0byte","86398","23时59分58秒"
"2025-10-02 04:30:07","2025-10-03 04:30:15","10.193.142.61","0","0byte","86408","24时8秒"
"2025-10-02 04:30:01","2025-10-02 04:32:26","10.192.131.96","0","0byte","145","2分25秒"
"2025-10-02 04:16:32","2025-10-02 04:30:01","10.192.131.96","0","0byte","809","13分29秒"
"2025-10-02 02:15:26","2025-10-02 02:31:57","10.192.131.96","0","0byte","991","16分31秒"
"2025-10-02 01:14:54","2025-10-02 01:31:17","10.192.131.96","0","0byte","983","16分23秒"
"2025-10-02 00:31:52","2025-10-02 02:23:49","10.192.102.213","0","0byte","6717","1时51分57秒"
"2025-10-02 00:17:54","2025-10-02 01:04:48","10.192.131.96","0","0byte","2814","46分54秒"
"2025-10-01 22:09:18","2025-10-02 04:30:07","10.193.142.61","0","0byte","22849","6时20分49秒"
"2025-10-01 22:03:27","2025-10-01 22:09:19","10.192.46.57","0","0byte","352","5分52秒"
"2025-10-01 22:03:22","2025-10-01 22:28:07","10.192.102.213","0","0byte","1485","24分45秒"
"2025-10-01 18:50:31","2025-10-02 00:04:35","10.192.131.96","0","0byte","18844","5时14分4秒"
"2025-10-01 16:19:52","2025-10-02 00:38:08","10.193.250.41","0","0byte","29896","8时18分16秒"
"2025-10-01 14:48:24","2025-10-01 17:31:17","10.192.131.96","0","0byte","9773","2时42分53秒"
"2025-10-01 14:48:13","2025-10-01 15:04:49","10.192.102.213","0","0byte","996","16分36秒"
"2025-10-01 09:37:34","2025-10-01 10:52:28","10.192.102.213","0","0byte","4494","1时14分54秒"
"2025-10-01 06:25:00","2025-10-01 10:55:37","10.192.131.96","0","0byte","16237","4时30分37秒"
"2025-10-01 05:34:15","2025-10-01 09:21:28","10.192.102.213","0","0byte","13633","3时47分13秒"
"2025-10-01 04:46:55","2025-10-01 06:18:23","10.192.131.96","0","0byte","5488","1时31分28秒"
"2025-10-01 04:30:22","2025-10-02 04:30:22","10.192.6.7","0","0byte","86400","24时0秒"
"2025-10-01 04:30:18","2025-10-01 22:03:26","10.193.142.61","0","0byte","63188","17时33分8秒"
"2025-10-01 04:30:01","2025-10-01 05:18:07","10.192.102.213","0","0byte","2886","48分6秒"
"2025-10-01 04:25:56","2025-10-01 04:30:01","10.192.102.213","0","0byte","245","4分5秒"
"2025-10-01 02:11:02","2025-10-01 02:26:41","10.192.131.96","0","0byte","939","15分39秒"
"2025-10-01 00:53:15","2025-10-01 04:30:18","10.193.142.61","0","0byte","13023","3时37分3秒"
"2025-10-01 00:53:15","2025-10-01 04:30:22","10.192.6.7","0","0byte","13027","3时37分7秒"
"2025-10-01 00:09:32","2025-10-01 00:26:23","10.192.131.96","0","0byte","1011","16分51秒"
"2025-09-30 21:22:04","2025-09-30 22:53:13","10.192.102.213","0","0byte","5469","1时31分9秒"
"2025-09-30 21:10:25","2025-10-01 00:53:15","10.193.142.61","0","0byte","13370","3时42分50秒"
"2025-09-30 21:08:54","2025-10-01 00:04:40","10.192.131.96","0","0byte","10546","2时55分46秒"
"2025-09-30 21:04:13","2025-10-01 00:53:15","10.192.6.7","0","0byte","13742","3时49分2秒"
"2025-09-30 19:09:17","2025-09-30 21:09:17","10.193.142.61","865448172","825.36M","7200","2时0秒"
"2025-09-30 18:11:30","2025-09-30 21:11:31","10.192.102.213","452547757","431.58M","10801","3时1秒"
"2025-09-30 16:13:17","2025-09-30 18:09:13","10.192.102.213","168406627","160.61M","6956","1时55分56秒"
"2025-09-30 13:57:43","2025-09-30 19:09:17","10.192.8.243","299446600","285.57M","18694","5时11分34秒"
"2025-09-30 13:57:02","2025-09-30 15:52:37","10.192.222.221","360735324","344.02M","6935","1时55分35秒"
"2025-09-30 13:54:41","2025-09-30 21:06:41","10.192.131.96","217826484","207.74M","25920","7时12分0秒"
"2025-09-30 13:05:59","2025-09-30 13:58:19","10.195.240.24","0","0byte","3140","52分20秒"
"2025-09-30 13:00:25","2025-09-30 14:10:19","10.195.159.199","0","0byte","4194","1时9分54秒"
"2025-09-30 12:57:56","2025-09-30 14:07:48","10.194.143.4","0","0byte","4192","1时9分52秒"
"2025-09-30 11:57:37","2025-09-30 12:17:51","10.192.8.243","35887038","34.22M","1214","20分14秒"
"2025-09-30 11:21:07","2025-09-30 13:14:36","10.192.222.221","196403707","187.31M","6809","1时53分29秒"
"2025-09-30 10:11:46","2025-09-30 10:57:53","10.192.153.114","95032772","90.63M","2767","46分7秒"
"2025-09-30 06:43:05","2025-09-30 13:14:31","10.192.131.96","97996410","93.46M","23486","6时31分26秒"
"2025-09-30 06:00:18","2025-09-30 06:32:40","10.192.131.96","711987","695.30K","1942","32分22秒"
"2025-09-30 04:59:47","2025-09-30 05:16:55","10.192.131.96","320307","312.80K","1028","17分8秒"
"2025-09-30 04:30:46","2025-09-30 04:48:20","10.192.131.96","123044","120.16K","1054","17分34秒"
"2025-09-30 04:30:20","2025-09-30 21:03:49","10.192.6.7","641591976","611.87M","59609","16时33分29秒"
"2025-09-30 04:30:14","2025-09-30 10:52:28","10.192.8.243","583420266","556.39M","22934","6时22分14秒"
"2025-09-30 01:19:05","2025-09-30 04:30:46","10.192.131.96","121494106","115.87M","11501","3时11分41秒"
"2025-09-29 23:24:29","2025-09-30 00:14:42","10.192.153.114","16653710","15.88M","3013","50分13秒"
"2025-09-29 18:30:55","2025-09-30 01:08:17","10.192.131.96","318779473","304.01M","23842","6时37分22秒"
"2025-09-29 06:55:49","2025-09-29 07:24:14","10.192.142.142","475347349","453.33M","1705","28分25秒"
"2025-09-29 06:55:30","2025-09-30 04:30:14","10.192.8.243","3077331050","2.866G","77684","21时34分44秒"
"2025-09-29 06:38:13","2025-09-29 07:27:31","10.192.131.96","1726258","1.65M","2958","49分18秒"
"2025-09-29 04:30:16","2025-09-30 04:30:20","10.192.6.7","307197521","292.97M","86404","24时4秒"
"2025-09-29 03:45:35","2025-09-29 04:02:17","10.192.131.96","151040","147.50K","1002","16分42秒"
"2025-09-29 01:43:53","2025-09-29 02:01:01","10.192.131.96","62920","61.45K","1028","17分8秒"
"2025-09-29 00:43:18","2025-09-29 00:59:42","10.192.131.96","274622","268.19K","984","16分24秒"
"2025-09-28 12:57:15","2025-09-28 21:54:13","10.192.131.96","177496727","169.27M","32218","8时56分58秒"
"2025-09-28 12:09:57","2025-09-28 12:48:35","10.192.131.96","7615989","7.26M","2318","38分38秒"
"2025-09-28 04:31:03","2025-09-28 21:51:27","10.192.8.243","1742720795","1.623G","62424","17时20分24秒"
"2025-09-28 04:30:12","2025-09-29 04:30:16","10.192.6.7","880875348","840.07M","86404","24时4秒"
"2025-09-28 02:27:50","2025-09-28 03:21:20","10.192.71.85","26117466","24.91M","3210","53分30秒"
"2025-09-27 23:44:13","2025-09-28 01:49:43","10.192.71.85","486331426","463.80M","7530","2时5分30秒"
"2025-09-27 20:17:30","2025-09-27 21:07:10","10.192.71.85","1336621","1.27M","2980","49分40秒"
"2025-09-27 20:13:52","2025-09-28 01:51:36","10.192.131.96","413675640","394.51M","20264","5时37分44秒"
"2025-09-27 19:10:52","2025-09-27 20:08:32","10.192.71.85","347217710","331.13M","3460","57分40秒"
"2025-09-27 15:42:56","2025-09-28 04:31:03","10.192.8.243","2200119463","2.049G","46087","12时48分7秒"
"2025-09-27 15:20:07","2025-09-27 19:34:32","10.192.131.96","259714661","247.68M","15265","4时14分25秒"
"2025-09-27 13:29:59","2025-09-27 14:30:10","10.29.146.88","35910515","34.25M","3611","1时11秒"
"2025-09-27 13:29:06","2025-09-27 14:56:16","10.33.10.177","1140244","1.09M","5230","1时27分10秒"
"2025-09-27 10:13:17","2025-09-27 10:51:05","10.29.146.88","1739275","1.66M","2268","37分48秒"
"2025-09-27 09:19:14","2025-09-27 13:28:54","10.33.10.177","72730730","69.36M","14980","4时9分40秒"
"2025-09-27 09:08:19","2025-09-27 09:37:56","10.29.146.88","3982519","3.80M","1777","29分37秒"
"2025-09-27 08:13:25","2025-09-27 08:42:40","10.192.187.65","957324","934.89K","1755","29分15秒"
"2025-09-27 07:52:43","2025-09-27 08:08:46","10.192.179.38","236774","231.22K","963","16分3秒"
"2025-09-27 07:51:53","2025-09-28 04:30:12","10.192.6.7","16715834","15.94M","74299","20时38分19秒"
"2025-09-27 07:40:54","2025-09-27 08:47:34","10.192.131.96","7286902","6.95M","4000","1时6分40秒"
"2025-09-27 07:39:46","2025-09-27 08:09:56","10.192.187.65","44224004","42.18M","1810","30分10秒"
"2025-09-27 07:36:10","2025-09-27 07:51:28","10.193.42.244","10801810","10.30M","918","15分18秒"
"2025-09-27 00:07:25","2025-09-27 00:19:25","10.192.179.38","6898","6.74K","720","12分0秒"
"2025-09-27 00:00:42","2025-09-27 00:12:42","10.192.131.96","71025120","67.73M","720","12分0秒"
"2025-09-26 22:32:38","2025-09-27 00:01:01","10.192.187.65","90042675","85.87M","5303","1时28分23秒"
"2025-09-26 21:24:33","2025-09-26 22:26:27","10.192.187.65","702771224","670.21M","3714","1时1分54秒"
"2025-09-26 18:43:22","2025-09-27 00:07:22","10.192.179.38","168199833","160.41M","19440","5时24分0秒"
"2025-09-26 18:11:35","2025-09-26 23:59:35","10.192.131.96","785488265","749.10M","20880","5时48分0秒"
"2025-09-26 18:10:12","2025-09-26 21:17:00","10.192.187.65","112680591","107.46M","11208","3时6分48秒"
"2025-09-26 17:25:13","2025-09-26 18:26:45","10.195.219.208","0","0byte","3692","1时1分32秒"
"2025-09-26 16:26:55","2025-09-26 17:39:18","10.192.187.65","934558361","891.26M","4343","1时12分23秒"
"2025-09-26 15:52:30","2025-09-26 16:43:07","10.195.219.208","0","0byte","3037","50分37秒"
"2025-09-26 15:51:09","2025-09-26 18:20:18","10.195.204.187","0","0byte","8949","2时29分9秒"
"2025-09-26 15:50:53","2025-09-26 16:07:25","10.192.187.65","723044","706.10K","992","16分32秒"
"2025-09-26 15:47:25","2025-09-26 18:27:59","10.195.159.199","0","0byte","9634","2时40分34秒"
"2025-09-26 14:13:30","2025-09-26 15:05:10","10.193.3.60","3786658","3.61M","3100","51分40秒"
"2025-09-26 12:37:56","2025-09-26 15:52:04","10.192.179.38","108523816","103.50M","11648","3时14分8秒"
"2025-09-26 12:12:26","2025-09-26 12:41:32","10.192.187.65","222480","217.27K","1746","29分6秒"
"2025-09-26 11:18:21","2025-09-26 12:12:24","10.192.108.170","15558576","14.84M","3243","54分3秒"
"2025-09-26 09:22:28","2025-09-26 11:05:17","10.192.108.170","298914068","285.07M","6169","1时42分49秒"
"2025-09-26 06:35:35","2025-09-26 16:02:50","10.192.131.96","495335921","472.39M","34035","9时27分15秒"
"2025-09-26 04:35:57","2025-09-26 04:51:43","10.192.131.96","3221892","3.07M","946","15分46秒"
"2025-09-26 04:29:56","2025-09-27 00:08:04","10.192.6.7","2679821","2.56M","70688","19时38分8秒"
"2025-09-26 04:29:52","2025-09-26 12:13:59","10.192.179.38","735556347","701.48M","27847","7时44分7秒"
"2025-09-26 03:34:31","2025-09-26 03:50:29","10.192.131.96","69996","68.36K","958","15分58秒"
"2025-09-26 03:20:15","2025-09-26 04:07:40","10.192.108.170","90962","88.83K","2845","47分25秒"
"2025-09-26 02:09:32","2025-09-26 03:27:58","10.192.131.96","101601758","96.89M","4706","1时18分26秒"
"2025-09-26 01:41:05","2025-09-26 03:11:51","10.192.108.170","4409136526","4.106G","5446","1时30分46秒"
"2025-09-26 00:29:14","2025-09-26 04:29:52","10.192.179.38","190223711","181.41M","14438","4时38秒"
"2025-09-25 23:08:05","2025-09-26 04:29:56","10.192.6.7","1140317891","1.062G","19311","5时21分51秒"
"2025-09-25 22:14:07","2025-09-26 00:07:15","10.192.108.170","2772914052","2.582G","6788","1时53分8秒"
"2025-09-25 21:57:45","2025-09-25 23:30:13","10.192.179.38","44406496","42.35M","5548","1时32分28秒"
"2025-09-25 18:06:44","2025-09-25 21:12:33","10.192.179.38","68911400","65.72M","11149","3时5分49秒"
"2025-09-25 17:37:55","2025-09-25 18:04:36","10.192.179.38","403202","393.75K","1601","26分41秒"
"2025-09-25 17:32:35","2025-09-26 00:31:19","10.192.131.96","228425527","217.84M","25124","6时58分44秒"
"2025-09-25 17:00:46","2025-09-25 17:46:57","10.195.159.199","0","0byte","2771","46分11秒"
"2025-09-25 16:55:09","2025-09-25 17:16:10","10.192.131.96","852940","832.95K","1261","21分1秒"
"2025-09-25 16:13:28","2025-09-25 17:35:32","10.195.232.254","0","0byte","4924","1时22分4秒"
"2025-09-25 12:46:49","2025-09-25 16:13:29","10.192.179.38","1196787116","1.115G","12400","3时26分40秒"
"2025-09-25 09:55:30","2025-09-25 11:20:57","10.192.131.96","29739561","28.36M","5127","1时25分27秒"
"2025-09-25 09:51:17","2025-09-25 12:08:42","10.192.179.38","326270107","311.16M","8245","2时17分25秒"
"2025-09-25 06:40:22","2025-09-25 09:55:29","10.192.131.96","88464381","84.37M","11707","3时15分7秒"
"2025-09-25 05:49:49","2025-09-25 06:05:11","10.192.131.96","85448","83.45K","922","15分22秒"
"2025-09-25 04:49:17","2025-09-25 05:06:08","10.192.131.96","118987","116.20K","1011","16分51秒"
"2025-09-25 04:30:08","2025-09-25 09:51:02","10.192.179.38","329857616","314.58M","19254","5时20分54秒"
"2025-09-25 04:29:49","2025-09-25 04:38:06","10.192.131.96","26219","25.60K","497","8分17秒"
"2025-09-25 03:06:59","2025-09-25 04:29:49","10.192.131.96","245538091","234.16M","4970","1时22分50秒"
"2025-09-25 02:50:11","2025-09-25 03:06:58","10.192.131.96","255676","249.68K","1007","16分47秒"
"2025-09-24 17:51:49","2025-09-25 04:30:08","10.192.179.38","4241429602","3.950G","38299","10时38分19秒"
"2025-09-24 12:56:20","2025-09-25 02:45:18","10.192.131.96","998548672","952.29M","49738","13时48分58秒"
"2025-09-24 08:48:47","2025-09-24 12:20:28","10.192.131.96","103173759","98.39M","12701","3时31分41秒"
"2025-09-24 08:44:44","2025-09-24 10:16:59","10.192.202.249","136457416","130.14M","5535","1时32分15秒"
"2025-09-24 04:30:11","2025-09-24 08:39:09","10.192.202.249","5535707","5.28M","14938","4时8分58秒"
"2025-09-23 18:41:18","2025-09-24 01:52:09","10.192.131.96","289311807","275.91M","25851","7时10分51秒"
"2025-09-23 16:09:45","2025-09-24 04:30:11","10.192.202.249","2771269429","2.581G","44426","12时20分26秒"
"2025-09-23 14:01:21","2025-09-23 15:52:22","10.193.197.84","222264856","211.97M","6661","1时51分1秒"
"2025-09-23 04:31:10","2025-09-23 12:24:00","10.193.197.84","774838521","738.94M","28370","7时52分50秒"
"2025-09-22 08:42:17","2025-09-23 04:31:10","10.193.197.84","3276019023","3.051G","71333","19时48分53秒"
"2025-09-05 04:30:57","2025-09-05 05:03:32","10.193.44.192","328525","320.83K","1955","32分35秒"
"2025-09-04 09:07:46","2025-09-05 04:30:57","10.193.44.192","3760316168","3.502G","69791","19时23分11秒"
"","","","220.805G","","2716时35分17秒",""